{"R_RHF_ang": [0.9, 1.0, 1.05, 1.1, 1.15, 1.2, 1.3, 1.4, 1.55, 1.7, 1.85, 2.0, 2.2], "R_MP2_ang": [0.9, 1.0, 1.05, 1.1, 1.15, 1.2, 1.3, 1.4, 1.55, 1.7], "MOLEKUL_RHF": [-107.18719008995308, -107.41953235423736, -107.47221724444931, -107.49650048861844, -107.49980416953623, -107.48778395114849, -107.43387074062767, -107.35781551152415, -107.22862658637305, -107.099012093242, -106.97851802122578, -106.87150411943038, -106.75183132952475], "PySCF_RHF": [-107.1871903010402, -107.4195324516821, -107.4722173006064, -107.49650051179795, -107.4998041667019, -107.48778392804623, -107.43387069004818, -107.3578154452912, -107.22862650890427, -107.09901201240663, -106.97851794203993, -106.87150404560832, -106.75183126618762], "MOLEKUL_MP2": [-107.28410861195931, -107.54208983209925, -107.61002670489194, -107.65142132559893, -107.67386416254827, -107.68317011528957, -107.67904573082598, -107.66309321443494, -107.64483739017685, -107.65194439143342], "PySCF_MP2": [-107.28410883372526, -107.54208994526249, -107.61002677993002, -107.65142137129088, -107.6738641863382, -107.68317012343462, -107.67904572223796, -107.66309320296382, -107.64483739009331, -107.65194441416959]}