{
  "phase": "phase8",
  "name": "benchmark",
  "timestamp": "2026-04-02T07:25:21",
  "git_sha": null,
  "status": "PASS",
  "n_passed": 0,
  "n_failed": 0,
  "elapsed_s": 577.532,
  "metrics": {
    "h2_n_basis": 2,
    "h2_t_integrals_s": 0.0007837260054657236,
    "h2_t_eri_s": 0.0032763439958216622,
    "h2_t_scf_s": 0.003931099010515027,
    "h2_t_grad_s": 0.044347977003781125,
    "h2_t_opt_s": 0.2469481969892513,
    "h2_energy_ha": -1.1167143189752622,
    "hehp_n_basis": 2,
    "hehp_t_integrals_s": 0.0006444839964387938,
    "hehp_t_eri_s": 0.0031046430085552856,
    "hehp_t_scf_s": 0.004229300990118645,
    "hehp_t_grad_s": 0.052766389009775594,
    "hehp_t_opt_s": 0.35048079999978654,
    "hehp_energy_ha": -2.8418365268089643,
    "h2o_n_basis": 7,
    "h2o_t_integrals_s": 0.010474787006387487,
    "h2o_t_eri_s": 0.3641266400081804,
    "h2o_t_scf_s": 0.37162041499686893,
    "h2o_t_grad_s": 6.769882577995304,
    "h2o_t_opt_s": 21.643097342996043,
    "h2o_energy_ha": -74.96590113470005,
    "nh3_n_basis": 8,
    "nh3_t_integrals_s": 0.014049083009012975,
    "nh3_t_eri_s": 0.592552981004701,
    "nh3_t_scf_s": 0.6020868109917501,
    "nh3_t_grad_s": 14.388476510997862,
    "nh3_energy_ha": -55.45456310944657,
    "ch4_n_basis": 9,
    "ch4_t_integrals_s": 0.019591074000345543,
    "ch4_t_eri_s": 0.8844349479913944,
    "ch4_t_scf_s": 0.902664512002957,
    "ch4_t_grad_s": 27.18633341099485,
    "ch4_energy_ha": -39.72674331615479,
    "c6h6_n_basis": 36,
    "c6h6_t_integrals_s": 0.6978396140038967,
    "c6h6_t_eri_s": 251.534515723004,
    "c6h6_t_scf_s": 250.83751790600945,
    "c6h6_energy_ha": -227.8905823000053,
    "total_wall_s": 577.5308276449941,
    "bench_H2": {
      "name": "H2",
      "n_atoms": 2,
      "n_electrons": 2,
      "n_basis": 2,
      "charge": 0,
      "t_integrals_s": 0.0007837260054657236,
      "t_eri_s": 0.0032763439958216622,
      "t_scf_s": 0.003931099010515027,
      "t_grad_s": 0.044347977003781125,
      "t_opt_s": 0.2469481969892513,
      "scf_converged": true,
      "scf_iters": 2,
      "scf_energy_ha": -1.1167143189752622,
      "grad_norm": 0.02845382381799766,
      "grad_n_calls": 12,
      "opt_converged": true,
      "opt_steps": 4,
      "mem_eri_bytes": 128,
      "mem_1e_bytes": 96,
      "eri_skipped": false,
      "grad_skipped": false,
      "opt_skipped": false,
      "eri_mb": 0.000128,
      "n4_count": 16
    },
    "bench_HeH+": {
      "name": "HeH+",
      "n_atoms": 2,
      "n_electrons": 2,
      "n_basis": 2,
      "charge": 1,
      "t_integrals_s": 0.0006444839964387938,
      "t_eri_s": 0.0031046430085552856,
      "t_scf_s": 0.004229300990118645,
      "t_grad_s": 0.052766389009775594,
      "t_opt_s": 0.35048079999978654,
      "scf_converged": true,
      "scf_iters": 12,
      "scf_energy_ha": -2.8418365268089643,
      "grad_norm": 0.10357476360045581,
      "grad_n_calls": 12,
      "opt_converged": true,
      "opt_steps": 5,
      "mem_eri_bytes": 128,
      "mem_1e_bytes": 96,
      "eri_skipped": false,
      "grad_skipped": false,
      "opt_skipped": false,
      "eri_mb": 0.000128,
      "n4_count": 16
    },
    "bench_H2O": {
      "name": "H2O",
      "n_atoms": 3,
      "n_electrons": 10,
      "n_basis": 7,
      "charge": 0,
      "t_integrals_s": 0.010474787006387487,
      "t_eri_s": 0.3641266400081804,
      "t_scf_s": 0.37162041499686893,
      "t_grad_s": 6.769882577995304,
      "t_opt_s": 21.643097342996043,
      "scf_converged": true,
      "scf_iters": 9,
      "scf_energy_ha": -74.96590113470005,
      "grad_norm": 0.00030383636584474516,
      "grad_n_calls": 18,
      "opt_converged": true,
      "opt_steps": 2,
      "mem_eri_bytes": 19208,
      "mem_1e_bytes": 1176,
      "eri_skipped": false,
      "grad_skipped": false,
      "opt_skipped": false,
      "eri_mb": 0.019208,
      "n4_count": 2401
    },
    "bench_NH3": {
      "name": "NH3",
      "n_atoms": 4,
      "n_electrons": 10,
      "n_basis": 8,
      "charge": 0,
      "t_integrals_s": 0.014049083009012975,
      "t_eri_s": 0.592552981004701,
      "t_scf_s": 0.6020868109917501,
      "t_grad_s": 14.388476510997862,
      "t_opt_s": null,
      "scf_converged": true,
      "scf_iters": 9,
      "scf_energy_ha": -55.45456310944657,
      "grad_norm": 0.02268983568853855,
      "grad_n_calls": 24,
      "opt_converged": null,
      "opt_steps": null,
      "mem_eri_bytes": 32768,
      "mem_1e_bytes": 1536,
      "eri_skipped": false,
      "grad_skipped": false,
      "opt_skipped": true,
      "eri_mb": 0.032768,
      "n4_count": 4096
    },
    "bench_CH4": {
      "name": "CH4",
      "n_atoms": 5,
      "n_electrons": 10,
      "n_basis": 9,
      "charge": 0,
      "t_integrals_s": 0.019591074000345543,
      "t_eri_s": 0.8844349479913944,
      "t_scf_s": 0.902664512002957,
      "t_grad_s": 27.18633341099485,
      "t_opt_s": null,
      "scf_converged": true,
      "scf_iters": 10,
      "scf_energy_ha": -39.72674331615479,
      "grad_norm": 0.003054743029196061,
      "grad_n_calls": 30,
      "opt_converged": null,
      "opt_steps": null,
      "mem_eri_bytes": 52488,
      "mem_1e_bytes": 1944,
      "eri_skipped": false,
      "grad_skipped": false,
      "opt_skipped": true,
      "eri_mb": 0.052488,
      "n4_count": 6561
    },
    "bench_C6H6": {
      "name": "C6H6",
      "n_atoms": 12,
      "n_electrons": 42,
      "n_basis": 36,
      "charge": 0,
      "t_integrals_s": 0.6978396140038967,
      "t_eri_s": 251.534515723004,
      "t_scf_s": 250.83751790600945,
      "t_grad_s": null,
      "t_opt_s": null,
      "scf_converged": true,
      "scf_iters": 10,
      "scf_energy_ha": -227.8905823000053,
      "grad_norm": null,
      "grad_n_calls": null,
      "opt_converged": null,
      "opt_steps": null,
      "mem_eri_bytes": 13436928,
      "mem_1e_bytes": 31104,
      "eri_skipped": false,
      "grad_skipped": true,
      "opt_skipped": true,
      "eri_mb": 13.436928,
      "n4_count": 1679616
    }
  },
  "artifacts": [],
  "details": {}
}